{
    "__internal_type": "JXSubSceneInfo",
    "worldObjects": {
        "{9e484be7-0ad7-4bd9-9e57-a7c4a98d47f3}": {
            "_tableName": "systemCamera0",
            "comEditor": {
                "templateFile": "camera.json",
                "hostLayer": "ref.{ca6fca27-6d16-419c-8cbf-b40c121d67be}",
                "editorDeletable": 0,
                "isSingleton": 1
            },
            "comBasic": {
                "uuid": "{9e484be7-0ad7-4bd9-9e57-a7c4a98d47f3}",
                "actorBoundBoxMax": [
                    5609.68798828125,
                    468.4578552246094,
                    6196.19921875
                ],
                "actorBoundBoxMin": [
                    5518.01513671875,
                    412.4565734863281,
                    6130.44140625
                ],
                "actorScalingRotation": [
                    1.6855992078781129,
                    12.167410850524903,
                    13.924015045166016
                ],
                "actorLocalMatrix": [
                    0.3807124197483063,
                    -0.0008727586828172207,
                    -0.917460560798645,
                    0.0,
                    0.13118313252925874,
                    0.9870874285697937,
                    0.05558358505368233,
                    0.0,
                    0.9055708050727844,
                    -0.14077641069889069,
                    0.37711429595947268,
                    0.0,
                    5598.46875,
                    424.5058288574219,
                    6177.72607421875,
                    1.0
                ]
            },
            "comCamera": {
                "systemCamera": 0
            },
            "comGeoPyramidLine": {
                "Height": 497055.78125,
                "Visible": 0,
                "WOMatrix": [
                    0.3807124197483063,
                    -0.0008727586828172207,
                    -0.917460560798645,
                    0.0,
                    0.13118313252925874,
                    0.9870874285697937,
                    0.05558358505368233,
                    0.0,
                    0.9055708050727844,
                    -0.14077641069889069,
                    0.37711429595947268,
                    0.0,
                    5598.46875,
                    424.5058288574219,
                    6177.72607421875,
                    1.0
                ],
                "Ratio": 0.00001249999968422344,
                "Length": 662741.0625,
                "Depth": 800000.0
            },
            "comGeoPyramidMesh": {
                "Height": 497055.78125,
                "Visible": 0,
                "WOMatrix": [
                    0.3807124197483063,
                    -0.0008727586828172207,
                    -0.917460560798645,
                    0.0,
                    0.13118313252925874,
                    0.9870874285697937,
                    0.05558358505368233,
                    0.0,
                    0.9055708050727844,
                    -0.14077641069889069,
                    0.37711429595947268,
                    0.0,
                    5598.46875,
                    424.5058288574219,
                    6177.72607421875,
                    1.0
                ],
                "Ratio": 0.00001249999968422344,
                "Length": 662741.0625,
                "Depth": 800000.0
            }
        },
        "{4f8b2b3c-4c18-4f55-8113-5f5594081551}": {
            "_tableName": "systemCamera1",
            "comEditor": {
                "templateFile": "camera.json",
                "hostLayer": "ref.{ca6fca27-6d16-419c-8cbf-b40c121d67be}",
                "editorDeletable": 0,
                "isSingleton": 1
            },
            "comBasic": {
                "uuid": "{4f8b2b3c-4c18-4f55-8113-5f5594081551}",
                "actorBoundBoxMax": [
                    19.143421173095704,
                    5082.4814453125,
                    33.993709564208987
                ],
                "actorBoundBoxMin": [
                    -17.143413543701173,
                    4998.77001953125,
                    -19.435012817382814
                ],
                "actorLocalMatrix": [
                    1.0,
                    0.0,
                    0.0,
                    0.0,
                    0.0,
                    0.10452842712402344,
                    0.9945219159126282,
                    0.0,
                    0.0,
                    -0.9945219159126282,
                    0.10452842712402344,
                    0.0,
                    1.0,
                    5000.0,
                    1.0,
                    1.0
                ]
            },
            "comCamera": {
                "systemCamera": 1
            },
            "comGeoPyramidLine": {
                "Height": 497055.78125,
                "Visible": 0,
                "WOMatrix": [
                    1.0,
                    0.0,
                    0.0,
                    0.0,
                    0.0,
                    0.10452842712402344,
                    0.9945219159126282,
                    0.0,
                    0.0,
                    -0.9945219159126282,
                    0.10452842712402344,
                    0.0,
                    1.0,
                    5000.0,
                    1.0,
                    1.0
                ],
                "Ratio": 0.00001249999968422344,
                "Length": 662741.0625,
                "Depth": 800000.0
            },
            "comGeoPyramidMesh": {
                "Height": 497055.78125,
                "Visible": 0,
                "WOMatrix": [
                    1.0,
                    0.0,
                    0.0,
                    0.0,
                    0.0,
                    0.10452842712402344,
                    0.9945219159126282,
                    0.0,
                    0.0,
                    -0.9945219159126282,
                    0.10452842712402344,
                    0.0,
                    1.0,
                    5000.0,
                    1.0,
                    1.0
                ],
                "Ratio": 0.00001249999968422344,
                "Length": 662741.0625,
                "Depth": 800000.0
            }
        },
        "{7b43e257-3528-4fec-9dc8-8de7a8cf003a}": {
            "_tableName": "systemCamera2",
            "comEditor": {
                "templateFile": "camera.json",
                "hostLayer": "ref.{ca6fca27-6d16-419c-8cbf-b40c121d67be}",
                "editorDeletable": 0,
                "isSingleton": 1
            },
            "comBasic": {
                "uuid": "{7b43e257-3528-4fec-9dc8-8de7a8cf003a}",
                "actorBoundBoxMax": [
                    19.143421173095704,
                    5082.4814453125,
                    33.993709564208987
                ],
                "actorBoundBoxMin": [
                    -17.143413543701173,
                    4998.77001953125,
                    -19.435012817382814
                ],
                "actorLocalMatrix": [
                    1.0,
                    0.0,
                    0.0,
                    0.0,
                    0.0,
                    0.10452842712402344,
                    0.9945219159126282,
                    0.0,
                    0.0,
                    -0.9945219159126282,
                    0.10452842712402344,
                    0.0,
                    1.0,
                    5000.0,
                    1.0,
                    1.0
                ]
            },
            "comCamera": {
                "systemCamera": 2
            },
            "comGeoPyramidLine": {
                "Height": 497055.78125,
                "Visible": 0,