{
    "environmentType": 0,
    "lightSource": 0,
    "enableDayNightCycle": 1,
    "enableCovermap": 0,
    "enableVXGI": 0,
    "enableWssm": 1,
    "enableWssmBlur": 0,
    "wssmBlurBrightness": 0.10000000149011612,
    "cameraRangeFromDist": 30000,
    "cameraRangeToDist": 800000,
    "sunlight": {
        "dir": [
            0.20011258125305177,
            0.8982094526290894,
            -0.39137548208236697
        ],
        "diffuse": [
            0.9839684963226318,
            0.9549772143363953,
            0.8785989880561829,
            1.0
        ],
        "specular": [
            1.0,
            1.0,
            1.0,
            1.0
        ],
        "diffuseIntensity": 1.0,
        "specularIntensity": 1.0,
        "ambientColor": [
            0.5,
            0.5,
            0.5,
            1.0
        ],
        "skyLightColor": [
            0.5,
            0.5,
            0.5,
            1.0
        ],
        "commonLightColor": [
            0.5,
            0.5,
            0.5,
            1.0
        ],
        "ambientIntensity": 1.0,
        "skyLightIntensity": 1.0,
        "commonLightIntensity": 1.0
    },
    "moonlight": {
        "dir": [
            -0.20011258125305177,
            -0.8982094526290894,
            0.39137548208236697
        ],
        "diffuse": [
            1.0,
            1.0,
            1.0,
            1.0
        ],
        "specular": [
            1.0,
            1.0,
            1.0,
            1.0
        ],
        "diffuseIntensity": 1.0,
        "specularIntensity": 1.0
    },
    "envMap": {
        "intensity": 1.0,
        "saturation": 1.0
    },
    "speedTreeEnv": {
        "lodLevelOption": 0,
        "globalLodScaleTimes": 1.0,
        "enableWindAnimationOriginal": 1,
        "enableWindAnimationLod0": 0,
        "enableWindAnimationLod1": 0,
        "enableWindAnimationLod2": 0,
        "enableWindAnimationBillboard": 0
    },
    "oldSkySkyBox": {
        "topColor": [
            0.0,
            0.4000000059604645,
            1.0,
            1.0
        ],
        "midColor": [
            0.0,
            0.800000011920929,
            1.0,
            1.0
        ],
        "botmColor": [
            1.0,
            1.0,
            1.0,
            1.0
        ],
        "topPercent": 70.0,
        "midPercent": 30.0,
        "botmPercent": 100.0,
        "topMidBlendPercent": 70.0,
        "midBotmBlendPercent": 30.0
    },
    "oldSkyWeather": {
        "enable": 0,
        "enableSnowCover": 0,
        "enableSplash": 0,
        "enableDropShockWave": 0,
        "density": 10.0,
        "densityGate": 10.0,
        "speed": 150.0,
        "speedGate": 800.0,
        "length": 10.0,
        "width": 10.0,
        "alpha": 0.20000000298023225,
        "wind": 0.0,
        "brightnessPercent": 1.0,
        "particalTexture": "data/public/stainForDyWeather.dds"
    },
    "cloudList": {},
    "farMountainList": {},
    "lensflares": {
        "sunLensflareDesc": {
            "lensflareDescTexturePath": "data/public/defaultscene/flare.tga",
            "lensflareDescTexNumX": 3,
            "lensflareDescTexNumY": 3,
            "lensflareDescVisibility": 1.0,
            "lensflareDescBound": 0.30000001192092898,
            "lensflareDescDummyLenSize": 0.009999999776482582,
            "lensflareList": {}
        },
        "moonLensflareDesc": {
            "lensflareDescTexturePath": "data/public/defaultscene/MoonFlare.tga",
            "lensflareDescTexNumX": 1,
            "lensflareDescTexNumY": 1,
            "lensflareDescVisibility": 1.0,
            "lensflareDescBound": 0.30000001192092898,
            "lensflareDescDummyLenSize": 0.009999999776482582,
            "lensflareList": {}
        }
    },
    "globalEnvironmentSphere": {
        "savefileSpecular": "data\\source\\maps\\格子图\\env_probe\\skybox_s.dds",
        "savefileDiffuse": "data\\source\\maps\\格子图\\env_probe\\skybox_d.dds",
        "customAtmoBottom": 0,
        "atmoBottomColorStartY": 0.20000000298023225,
        "atmoBottomColorLength": 0.30000001192092898,
        "atmoBottomColor": [
            0.48314639925956728,
            0.48314639925956728,
            0.48314639925956728,
            1.0
        ],
        "dynamic": 1
    },
    "dayNightCycle": {
        "CurrentDate": [
            2000.0,
            1.0,
            1.0
        ],
        "Latitude": 0.0,
        "Longitude": 0.0,
        "time": 0.0,
        "Timezone": 1.0,
        "StarTrailsEnable": 0,
        "Height": 0.0
    },
    "heightFog": {
        "enable": 0,
        "fogDensity": 0.019999999552965165,
        "fogHeightFalloff": 0.20000000298023225,
        "fogOpacity": 0.30000001192092898,
        "fogStartDistance": 0.0,
        "fogCutoffDistance": 0.0,
        "fogHeight": 30000.0,
        "directionalInscatteringExponent": 4.0,
        "directionalInscatteringStartDistance": 10000.0,
        "fogColor": [
            0.4699999988079071,
            0.6380000114440918,
            1.0,
            1.0
        ],
        "directionalInscatteringColor": [
            0.25,
            0.25,
            0.125,
            1.0
        ]
    },
    "distanceFog": {
        "enable": 0,
        "fogColor": [
            0.0,
            0.0,
            0.0,
            1.0
        ],
        "fogStartDistance": 0.0,
        "fogEndDistance": 30000.0
    }
}