{
    "WaterCount": 1,
    "MaxWaterID": 0,
    "water0": {
        "WaterType": 1,
        "WaterRenderVersion": 1,
        "WaterID": 0,
        "Postion": [
            25600.0,
            -500.0,
            25600.0
        ],
        "Scale": [
            13.0,
            13.0
        ],
        "RotY": 0.0,
        "Depth": 1000000.0,
        "Width": 52000.0,
        "Lenght": 52000.0,
        "ClipType": 0,
        "RangBox": [
            -400.0,
            51600.0,
            -400.0,
            51600.0
        ],
        "WaterMaterial": "data\\source\\maps\\格子图\\water\\surface\\WaterDefault_BWater1.JsonIns",
        "UWaterMaterial": "data\\source\\maps\\格子图\\water\\surface\\UWaterDefault_BWater1.JsonIns",
        "FogDensity": 0.5,
        "FogOpacity": 0.0,
        "FogStartDistance": 0.0,
        "FogEndDistance": 5000.0,
        "FogPower": 0.4000000059604645,
        "FogColor": [
            0.01600000075995922,
            0.06700000166893006,
            0.14499999582767487,
            1.0
        ],
        "CausticLineLenght": 10000.0,
        "CausticDensity": 20.0,
        "CausticIntensity": 0.30000001192092898,
        "FFTDensity": 1.0,
        "GradScale": 2.0,
        "UseFFT": 0,
        "RippleIndex": 0,
        "ReflectIndensity": 0.8500000238418579,
        "ReflectDistortion": 0.30000001192092898
    }
}